id,year,type,title,denomination,designer,mintage,theme,material,material_family,source,source_url,era
C0001,1970,Coin,bicentenary of James Cook’s 1770 voyage. Based on a painting by John Webber,50c,Stuart Devlin,16.5,Environment,Copper-Nickel,Copper-nickel,Royal Australian Mint,https://www.ramint.gov.au/collect/national-coin-collection/circulating-coins/fifty-cents,1970s
C0002,1977,Coin,25th anniversary of the Accession of Queen Elizabeth II. Based on a central wattle blossom symbol of Australia surrounded by 25 overlapping crowns,50c,Stuart Devlin,25.0,Royalty,Copper-Nickel,Copper-nickel,Royal Australian Mint,https://www.ramint.gov.au/collect/national-coin-collection/circulating-coins/fifty-cents,1970s
C0003,1981,Coin,marriage of HRH the Prince of Wales and Lady Diana Spencer,50c,Stuart Devlin,20.0,Royalty,Copper-Nickel,Copper-nickel,Royal Australian Mint,https://www.ramint.gov.au/collect/national-coin-collection/circulating-coins/fifty-cents,1980s
C0004,1982,Coin,Brisbane XII Commonwealth Games,50c,Hugh Edwards to reflect the form of a kangaroo in full flight,49.6,Military,Copper-Nickel,Copper-nickel,Royal Australian Mint,https://www.ramint.gov.au/collect/national-coin-collection/circulating-coins/fifty-cents,1980s
C0005,1988,Coin,Australian Bicentenary,50c,Michael MacLellan Tracey,9.0,Australian History,Copper-Nickel,Copper-nickel,Royal Australian Mint,https://www.ramint.gov.au/collect/national-coin-collection/circulating-coins/fifty-cents,1980s
C0006,1991,Coin,25th anniversary of decimal currency,50c,NA,4.7,Australian History,Copper-Nickel,Copper-nickel,Royal Australian Mint,https://www.ramint.gov.au/collect/national-coin-collection/circulating-coins/fifty-cents,1990s
C0007,1994,Coin,United Nations International Year of the Family,50c,Carolyn Rosser,21.3,Transport & Exploration,Copper-Nickel,Copper-nickel,Royal Australian Mint,https://www.ramint.gov.au/collect/national-coin-collection/circulating-coins/fifty-cents,1990s
C0008,1995,Coin,50th anniversary of the end of World War 2,50c,Louis Laumen and Horst Hahne,15.9,Military,Copper-Nickel,Copper-nickel,Royal Australian Mint,https://www.ramint.gov.au/collect/national-coin-collection/circulating-coins/fifty-cents,1990s
C0009,1998,Coin,200th anniversary of the voyage of Bass and Flinders,50c,Vladimir Gottwald,22.4,Transport & Exploration,Copper-Nickel,Copper-nickel,Royal Australian Mint,https://www.ramint.gov.au/collect/national-coin-collection/circulating-coins/fifty-cents,1990s
C0010,2000,Coin,Celebrating the millennium,50c,NA,16.6,Arts & Culture,Copper-Nickel,Copper-nickel,Royal Australian Mint,https://www.ramint.gov.au/collect/national-coin-collection/circulating-coins/fifty-cents,2000s
C0011,2000,Coin,visit of Queen Elizabeth II. Designed and sculpted by Vladimir Gottwald,50c,NA,5.1,Royalty,Copper-Nickel,Copper-nickel,Royal Australian Mint,https://www.ramint.gov.au/collect/national-coin-collection/circulating-coins/fifty-cents,2000s
C0012,2001,Coin,Centenary of Federation. Featuring the 1912 Commonwealth Coat of Arms granted by King George V,50c,NA,43.1,Royalty,Copper-Nickel,Copper-nickel,Royal Australian Mint,https://www.ramint.gov.au/collect/national-coin-collection/circulating-coins/fifty-cents,2000s
C0013,2001,Coin,"Centenary of Federation. Featuring the Coat of Arms of Canberra, granted by King George V in 1928",50c,CR Wylie,2.0,Royalty,Copper-Nickel,Copper-nickel,Royal Australian Mint,https://www.ramint.gov.au/collect/national-coin-collection/circulating-coins/fifty-cents,2000s
C0014,2001,Coin,"Centenary of Federation. Featuring the Coat of Arms of NSW, granted by King Edward VII in 1906",50c,William Applegate Gullick,3.0,Military,Copper-Nickel,Copper-nickel,Royal Australian Mint,https://www.ramint.gov.au/collect/national-coin-collection/circulating-coins/fifty-cents,2000s
C0015,2001,Coin,"Centenary of Federation. Featuring the Coat of Arms of Norfolk Island, granted by Queen Elizabeth II in 1980",50c,NA,2.2,Royalty,Copper-Nickel,Copper-nickel,Royal Australian Mint,https://www.ramint.gov.au/collect/national-coin-collection/circulating-coins/fifty-cents,2000s
C0016,2001,Coin,"Centenary of Federation. Featuring the Coat of Arms of Queensland, the oldest in Australia, granted by Queen Victoria in 1893",50c,NA,2.3,Royalty,Copper-Nickel,Copper-nickel,Royal Australian Mint,https://www.ramint.gov.au/collect/national-coin-collection/circulating-coins/fifty-cents,2000s
C0017,2001,Coin,"Centenary of Federation. Featuring the Coat of Arms of South Australia, granted by Queen Elizabeth II in 1984, replacing the original granted in 1936",50c,NA,2.4,Royalty,Copper-Nickel,Copper-nickel,Royal Australian Mint,https://www.ramint.gov.au/collect/national-coin-collection/circulating-coins/fifty-cents,2000s
C0018,2001,Coin,"Centenary of Federation. Featuring the Coat of Arms of Tasmania, granted by King George V in 1917",50c,NA,2.2,Royalty,Copper-Nickel,Copper-nickel,Royal Australian Mint,https://www.ramint.gov.au/collect/national-coin-collection/circulating-coins/fifty-cents,2000s
C0019,2001,Coin,"Centenary of Federation. Featuring the Coat of Arms of Western Australia, granted by Queen Elizabeth II in 1969",50c,NA,2.4,Royalty,Copper-Nickel,Copper-nickel,Royal Australian Mint,https://www.ramint.gov.au/collect/national-coin-collection/circulating-coins/fifty-cents,2000s
C0020,2001,Coin,"Centenary of Federation. Featuring the Coat of Arms of the Northern Territory, granted by Queen Elizabeth II in 1978",50c,NA,2.1,Royalty,Copper-Nickel,Copper-nickel,Royal Australian Mint,https://www.ramint.gov.au/collect/national-coin-collection/circulating-coins/fifty-cents,2000s
C0021,2002,Coin,Year of the Outback,50c,NA,11.5,Arts & Culture,Copper-Nickel,Copper-nickel,Royal Australian Mint,https://www.ramint.gov.au/collect/national-coin-collection/circulating-coins/fifty-cents,2000s
C0022,2003,Coin,Commemorating Australia’s volunteers,50c,NA,13.9,Arts & Culture,Copper-Nickel,Copper-nickel,Royal Australian Mint,https://www.ramint.gov.au/collect/national-coin-collection/circulating-coins/fifty-cents,2000s
C0023,2004,Coin,Primary School design competition winner John Serrano,50c,NA,10.2,Arts & Culture,Copper-Nickel,Copper-nickel,Royal Australian Mint,https://www.ramint.gov.au/collect/national-coin-collection/circulating-coins/fifty-cents,2000s
C0024,2005,Coin,60th anniversary of the end of World War 2,50c,NA,26.6,Military,Copper-Nickel,Copper-nickel,Royal Australian Mint,https://www.ramint.gov.au/collect/national-coin-collection/circulating-coins/fifty-cents,2000s
C0025,2005,Coin,secondary school commonwealth games design competition winner kelly just,50c,Kelly Just,20.5,Sport,Copper-Nickel,Copper-nickel,Royal Australian Mint,https://www.ramint.gov.au/collect/national-coin-collection/circulating-coins/fifty-cents,2000s
C0026,2010,Coin,Australia Day,50c,NA,11.4,Australian History,Copper-Nickel,Copper-nickel,Royal Australian Mint,https://www.ramint.gov.au/collect/national-coin-collection/circulating-coins/fifty-cents,2010s
C0027,2013,Coin,circulating coins two dollar commemorative design 2013 60 anniversary coronation queen elizabeth purple stripes,$2,Aleksandra Stokic,1.0,Military,Aluminium Bronze,Aluminium bronze,Royal Australian Mint,https://www.ramint.gov.au/collect/national-coin-collection/circulating-coins/two-dollars,2010s
C0028,2014,Coin,50th anniversary of the Australian Institute of Aboriginal and Torres Strait Islander Studies – AIATSIS,50c,NA,3.0,First Nations,Copper-Nickel,Copper-nickel,Royal Australian Mint,https://www.ramint.gov.au/collect/national-coin-collection/circulating-coins/fifty-cents,2010s
C0029,2016,Coin,obverse design to celebrate the 50th anniversary of decimal currency,50c,NA,7.0,Australian History,Copper-Nickel,Copper-nickel,Royal Australian Mint,https://www.ramint.gov.au/collect/national-coin-collection/circulating-coins/fifty-cents,2010s
C0030,2017,Coin,50 anniversary of the 1967 referendum and the 25th anniversary of the Mabo decision,50c,NA,1.4,First Nations,Copper-Nickel,Copper-nickel,Royal Australian Mint,https://www.ramint.gov.au/collect/national-coin-collection/circulating-coins/fifty-cents,2010s
C0031,2019,Coin,AIATSIS recognises 2019 as the International Year of Indigenous Languages,50c,NA,2.0,First Nations,Copper-Nickel,Copper-nickel,Royal Australian Mint,https://www.ramint.gov.au/collect/national-coin-collection/circulating-coins/fifty-cents,2010s
C0032,2024,Coin,50th Anniversary of the National Aboriginal and Islanders Day Observance Committee (NAIDOC),50c,"Cortney Glass, Winner of the National NAIDOC Committee's design competition",2.31,First Nations,Copper-Nickel,Copper-nickel,Royal Australian Mint,https://www.ramint.gov.au/collect/national-coin-collection/circulating-coins/fifty-cents,2020s
S0001,2025,Stamp,Christmas 2025 – Secular,"2 x 65c (Se-tenant), 1 x $3 International","Jo Muré, Australia Post Design Studio",NA,Wildlife,Tullis Russell 104gsm Red Phosphor/Blue PVA Stamp Paper,Stamp paper,Australia Post Philatelic Catalog,https://collectables.auspost.com.au/stamp-issues/view-all-stamp-issues/christmas-2025-secular,2020s
S0002,2026,Stamp,100 Years: Birth of Queen Elizabeth II,3 x $1.70,"Jo Muré, Australia Post Design Studio",NA,Military,Tullis Russell 104gsm Red Phosphor/Blue PVA Stamp,Stamp paper,Australia Post Philatelic Catalog,https://collectables.auspost.com.au/stamp-issues/view-all-stamp-issues/100-years-birth-of-queen-elizabeth-II,2020s
S0003,2026,Stamp,Anzac Day 2026 Preparing for Peace: World War I Posters,1 × $1.70 1 × $3 (international),"Jo Muré, Australia Post Design Studio",NA,Military,Tullis Russell 104gsm Red Phosphor/Blue PVA Stamp,Stamp paper,Australia Post Philatelic Catalog,https://collectables.auspost.com.au/stamp-issues/view-all-stamp-issues/anzac-day-2026-preparing-for-peace-world-war-I-posters,2020s
S0004,2026,Stamp,Bush Medicine,1 × $1.70 1 × $3.40,Janet Boschen,NA,Military,Tullis Russell 104gsm Red Phosphor/Blue PVA Stamp,Stamp paper,Australia Post Philatelic Catalog,https://collectables.auspost.com.au/stamp-issues/view-all-stamp-issues/bush-medicine,2020s
S0005,2026,Stamp,Creatures of the Palaeozoic,4 x $1.70,NA,NA,Military,Tullis Russell 104gsm Red Phosphor/Blue PVA Stamp Paper,Stamp paper,Australia Post Philatelic Catalog,https://collectables.auspost.com.au/stamp-issues/view-all-stamp-issues/creatures-of-the-palaeozoic,2020s
S0006,2026,Stamp,Dahlias: Australian Cultivars,3 × $1.70,"Sharon Rodziewicz, Australia Post Design Studio",NA,Royalty,Tullis Russell 104gsm Red Phosphor/Blue PVA Stamp,Stamp paper,Australia Post Philatelic Catalog,https://collectables.auspost.com.au/stamp-issues/view-all-stamp-issues/dahlias-australian-cultivars,2020s
S0007,2026,Stamp,Endangered Birds,3 x $1.70,"Jo Muré, Australia Post Design Studio",NA,Military,Tullis Russell 104gsm Red Phosphor/Blue PVA Stamp Paper,Stamp paper,Australia Post Philatelic Catalog,https://collectables.auspost.com.au/stamp-issues/view-all-stamp-issues/endangered-birds,2020s
S0008,2026,Stamp,Eremophilas: Desert-Loving Flowers,2 x $1.70,"Jo Muré, Australia Post Design Studio",NA,Military,Tullis Russell 104gsm Red Phosphor/Blue PVA Stamp,Stamp paper,Australia Post Philatelic Catalog,https://collectables.auspost.com.au/stamp-issues/view-all-stamp-issues/eremophilas-desert-flowers,2020s
S0009,2026,Stamp,Lunar New Year of the Horse 2026,"1 x $1.70, 1 x $3.40, 1 x $3.50 International",Chrissy Lau,NA,Military,Tullis Russell 104gsm Red Phosphor/Blue PVA Stamp Paper,Stamp paper,Australia Post Philatelic Catalog,https://collectables.auspost.com.au/stamp-issues/view-all-stamp-issues/lunar-new-year-of-the-horse-2026,2020s
S0010,2026,Stamp,Mammal Emblems - Part One,"1 x $3.45, 1 x $3.75, 1 x $4.40, 1 x $5.15",NA,NA,Royalty,Tullis Russell 104gsm Red Phosphor,Stamp paper,Australia Post Philatelic Catalog,https://collectables.auspost.com.au/stamp-issues/view-all-stamp-issues/mammal-emblems-part-one,2020s
S0011,2026,Stamp,Mammal Emblems - Part Two,"2 x $1.85, 1 x $3.70, 1 x $3.50 INT","Jason Watts, Australia Post Design Studio",NA,Wildlife,Tullis Russell 104gsm Red Phosphor/Blue PVA Stamp Paper,Stamp paper,Australia Post Philatelic Catalog,https://collectables.auspost.com.au/stamp-issues/view-all-stamp-issues/mammal-emblems-part-two,2020s
S0012,2026,Stamp,Photography Australia,3 x $1.70,"Simone Sakinofsky, Australia Post Design Studio",NA,Military,Tullis Russell 104gsm Red Phosphor/Blue PVA Stamp Paper,Stamp paper,Australia Post Philatelic Catalog,https://collectables.auspost.com.au/stamp-issues/view-all-stamp-issues/photography-australia,2020s
S0013,2026,Stamp,Regional Heritage Australia,3 x $1.70,"Jason Watts, Australia Post Design Studio",NA,Royalty,Tullis Russell 104gsm Red Phosphor/Blue PVA Stamp Paper,Stamp paper,Australia Post Philatelic Catalog,https://collectables.auspost.com.au/stamp-issues/view-all-stamp-issues/regional-heritage-australia,2020s
S0014,2026,Stamp,Special Occasions – Moments that Matter,"4 x $1.85, 1 x $3.70","Jo Muré, Australia Post Design Studio, and Jason Watts, Australia Post Design Studio (White Lily)",NA,Military,Tullis Russell 104gsm Red Phosphor/Blue PVA Stamp Paper,Stamp paper,Australia Post Philatelic Catalog,https://collectables.auspost.com.au/stamp-issues/view-all-stamp-issues/special-occasions-moments-that-matter,2020s
S0015,2026,Stamp,Sporting Greats,4 x $1.85,"Jason Watts, Australia Post Design Studio",NA,Military,Tullis Russell 104gsm Red Phosphor/Blue PVA Stamp Paper,Stamp paper,Australia Post Philatelic Catalog,https://collectables.auspost.com.au/stamp-issues/view-all-stamp-issues/sporting-greats,2020s
S0016,2026,Stamp,The Art of Eileen Mayo,3 x $1.70,Janet Boschen,NA,Military,Tullis Russell 104gsm Red Phosphor/Blue PVA Stamp Paper,Stamp paper,Australia Post Philatelic Catalog,https://collectables.auspost.com.au/stamp-issues/view-all-stamp-issues/the-art-of-eileen-mayo,2020s
S0017,2026,Stamp,The King's Birthday 2026,"1 x $1.85, 1 x $4.70 International","Jason Watts, Australia Post Design Studio",NA,Royalty,Tullis Russell 104gsm Red Phosphor/Blue PVA Stamp,Stamp paper,Australia Post Philatelic Catalog,https://collectables.auspost.com.au/stamp-issues/view-all-stamp-issues/kings-birthday-2026,2020s
S0018,2026,Stamp,WB Gould’s Sketchbook of Fishes,3 x $1.70,"Jason Watts, Australia Post Design Studio",NA,First Nations,Tullis Russell 104gsm Red Phosphor/Blue PVA Stamp Paper,Stamp paper,Australia Post Philatelic Catalog,https://collectables.auspost.com.au/stamp-issues/view-all-stamp-issues/wb-goulds-sketchbook-of-fishes,2020s
S0019,2026,Stamp,Waterscapes: Australian External Territories Joint Issue,4 x $1.85,"Sharon Rodziewicz, Australia Post Design Studio",NA,Environment,Tullis Russell 104gsm Red Phosphor/Blue PVA Stamp,Stamp paper,Australia Post Philatelic Catalog,https://collectables.auspost.com.au/stamp-issues/view-all-stamp-issues/waterscapes-australian-external-territories,2020s
S0020,2026,Stamp,Wilderness Society: 50 Years,2 x $1.85,Jonathan Chong,NA,Military,Tullis Russell 104gsm Red Phosphor/Blue PVA Stamp,Stamp paper,Australia Post Philatelic Catalog,https://collectables.auspost.com.au/stamp-issues/view-all-stamp-issues/wilderness-society-50-years,2020s
